{
"lengthUnit": "mil",
"components": {
	"fields": ["COMPONENT_NO", "COMPONENT_NAME", "LAYER", "X_COORDINATE", "Y_COORDINATE", "ANGLE"],
	"rows": [
		[1, "FPC1", "B", -640, -805, 135],
		[2, "PAD1", "T", 60.24, -51.18, 0],
		[3, "PAD2", "T", 40.55, -51.18, 0],
		[4, "PAD3", "T", 20.87, -51.18, 0],
		[5, "PAD4", "T", 79.92, -51.18, 0],
		[6, "PAD5", "T", 99.61, -51.18, 0]
	]
},
"pins": {
	"fields": ["PIN_NO", "PIN_NAME", "PIN_X", "PIN_Y", "LAYER", "PIN_TYPE", "NET_NAME", "NET_TYPE", "PAD_SHAPE", "PAD_SIZEX", "PAD_SIZEY", "HOLE_SIZE", "PAD_ANGLE"],
	"rows": [
		[1, "FPC1_1", -577.36, -798.04, "B", "SMD", "WIN_MINI_P5", "", "R", 11.81, 31.5, 0, 135],
		[2, "FPC1_2", -591.28, -784.12, "B", "SMD", "WIN_MINI_P4", "", "R", 11.81, 31.5, 0, 135],
		[3, "FPC1_3", -605.2, -770.2, "B", "SMD", "WIN_MINI_P3", "", "R", 11.81, 31.5, 0, 135],
		[4, "FPC1_4", -619.12, -756.28, "B", "SMD", "WIN_MINI_P2", "", "R", 11.81, 31.5, 0, 135],
		[5, "FPC1_5", -633.04, -742.36, "B", "SMD", "WIN_MINI_P1", "", "R", 11.81, 31.5, 0, 135],
		[6, "FPC1_6", -729.08, -785.52, "B", "SMD", "FPC1_6", "", "R", 31.5, 39.37, 0, 135],
		[7, "FPC1_7", -620.51, -894.09, "B", "SMD", "FPC1_7", "", "R", 31.5, 39.37, 0, 135],
		[8, "PAD1_1", 60.24, -51.18, "T", "SMD", "WIN_MINI_P3", "", "R", 11.81, 78.74, 0, 0],
		[9, "PAD2_1", 40.55, -51.18, "T", "SMD", "WIN_MINI_P2", "", "R", 11.81, 78.74, 0, 0],
		[10, "PAD3_1", 20.87, -51.18, "T", "SMD", "WIN_MINI_P1", "", "R", 11.81, 78.74, 0, 0],
		[11, "PAD4_1", 79.92, -51.18, "T", "SMD", "WIN_MINI_P4", "", "R", 11.81, 78.74, 0, 0],
		[12, "PAD5_1", 99.61, -51.18, "T", "SMD", "WIN_MINI_P5", "", "R", 11.81, 78.74, 0, 0]
	]
}
}