{
  "fpcStiffeners": [
    {
      "id": "e22",
      "gerber": "Gerber_BottomStiffenerLayer_pib_0.2.GBSL",
      "layer": "bottom",
      "material": "pi",
      "thickness": "0.2",
      "path": [
        [
          [
            "R",
            0,
            0,
            120.4724,
            88.5827,
            0,
            0
          ]
        ]
      ]
    },
    {
      "id": "e43",
      "gerber": "Gerber_TopStiffenerLayer_pit_0.2.GTSL",
      "layer": "top",
      "material": "pi",
      "thickness": "0.2",
      "path": [
        [
          [
            -788.0911,
            -788.0911,
            "L",
            -621.058,
            -955.1243,
            -494.674,
            -828.7402,
            -393.7008,
            -828.7402,
            -393.7008,
            -523.6221,
            -523.6221,
            -523.6221,
            -788.0911,
            -788.0911
          ]
        ]
      ]
    }
  ]
}